'nferno	i:1:110	i:6:40	i:6:84	i:16:33	i:25:13	i:26:3	i:28:50	pu:22:14	pa:20:106
Abbagliato	i:29:132
Abido	pu:28:74
Abraàm	i:4:58
Absalone	i:28:137
Abèl	i:4:56
Acheronte	i:3:78	i:14:116	pu:2:105
Achille	i:5:65	i:12:71	i:26:62	i:31:5	pu:9:34	pu:21:92
Achitofèl	i:28:137
Acone	pa:16:65
Acquacheta	i:16:97
Acquasparta	pa:12:124
Acri	i:27:89
Acàn	pu:20:109
Adamo	i:3:115	i:30:61	i:30:104	pu:9:10	pu:11:44	pu:29:86	pu:32:37
Adice	i:12:5	pu:16:115	pa:9:44
Aegypto	pu:2:46
Affricano	pu:29:116
Agapito	pa:6:16
Agatone	pu:22:107
Aglauro	pu:14:139
Agnel	i:25:68
Agnus Dei	pu:16:19
Agobbio	pu:11:80
Aguglion	pa:16:56
Agusta	pa:32:119
Alagia	pu:19:142
Alagna	pu:20:86	pa:30:148
Alardo	i:28:18
Alba	pa:6:37
Alberichi	pa:16:89
Alberigo	i:33:118
Albero	i:29:109
Alberto	i:32:57	pu:6:97	pa:10:98	pa:19:115
Albia	pu:7:99
Alcide	pa:9:101
Alessandria	pu:7:135
Alessandro	i:12:107	i:14:31	i:30:77
Alessio Interminei	i:18:122
Aletto	i:9:47
Alichin	i:22:112
Alichino	i:21:118
Almeon	pu:12:50
Almeone	pa:4:103
Alpe	i:16:101	i:20:62
Altaforte	i:29:29
Alì	i:28:32
Amiclate	pa:11:68
Amor	i:5:100	i:5:103	i:5:106	pu:24:53	pu:31:117	pa:28:12
Amor che ne la mente mi ragiona	pu:2:112
Anania	pa:26:12
Anassagora	i:4:137
Anastagi	pu:14:107
Anastasio	i:11:8
Anchise	i:1:74	pu:18:137	pa:15:25	pa:19:132
Anfïarao	i:20:34
Anfïone	i:32:11
Angelici	pa:28:126
Angiolello	i:28:77
Anibale	pa:6:50
Anibàl	i:31:117
Anna	pa:32:133
Anselmo	pa:12:137
Anselmuccio	i:33:50
Antandro	pa:6:67
Antenora	i:32:88
Antenori	pu:5:75
Anteo	i:31:100	i:31:113
Antifonte	pu:22:106
Antigone	pu:22:110
Antëo	i:31:139
Apennino	i:16:96	pu:5:96
Appollo	pa:1:13	pa:2:8
Aquario	i:24:2
Aquilone	pu:4:60	pu:32:99
Aragne	i:17:18	pu:12:43
Aragona	pu:3:116
Arbia	i:10:86
Arca	pa:16:92
Arcangeli	pa:28:125
Archian	pu:5:125
Archiano	pu:5:95
Ardinghi	pa:16:93
Aretin	pu:6:13
Aretini	i:22:5
Aretusa	i:25:97
Arezzo	i:29:109
Argia	pu:22:110
Argo	pu:29:95	pa:33:96
Aristotile	pu:3:43
Arli	i:9:112
Arnaut	pu:26:142
Arno	i:13:146	i:15:113	i:23:95	i:30:65	i:33:83	pu:5:126	pu:14:24	pa:11:106
Aronta	i:20:46
Arpie	i:13:10	i:13:101
Arrigo	i:6:80	pa:17:82	pa:30:137
Arrigo Mainardi	pu:14:97
Arrigo d'Inghilterra	pu:7:131
Arrigucci	pa:16:108
Arrio	pa:13:127
Artù	i:32:62
Aràbi	pa:6:49
Arïete	pa:28:117
Ascesi	pa:11:53
Asdente	i:20:118
Asopo	pu:18:91
Asperges me	pu:31:98
Assiri	pu:12:59
Assüero	pu:17:28
Atamante	i:30:4
Atene	i:12:17	pu:6:139	pa:17:46
Atropòs	i:33:126
Attila	i:12:134	i:13:149
Augustin	pa:10:120	pa:12:130
Augustino	pa:32:35
Augusto	i:1:71	i:13:68	pu:29:116
Aulide	i:20:111
Aurora	pu:2:8
Ausonia	pa:8:61
Austro	pu:32:99
Aventino	i:25:26
Averoìs	i:4:144
Avicenna	i:4:143
Azzolino	i:12:110
Babillòn	pa:23:135
Bacchiglione	i:15:113
Bacco	pu:18:93	pa:13:25
Baco	i:20:59
Bagnacaval	pu:14:115
Bagnoregio	pa:12:128
Barbagia	pu:23:94	pu:23:96
Barbariccia	i:21:120	i:22:29	i:22:59	i:22:145
Barbarossa	pu:18:119
Bari	pa:8:62
Barucci	pa:16:104
Batista	i:13:143	i:30:74	pu:22:152	pa:16:47
Batisteo	pa:15:134
Beatrice	i:2:70	i:2:103	pu:6:46	pu:7:128	pu:15:77	pu:18:48	pu:18:73	pu:23:128	pu:27:53	pu:30:73	pu:31:80	pu:31:107	pu:31:114	pu:31:133	pu:32:85	pu:32:106	pa:1:46	pa:1:64	pa:2:22	pa:3:127	pa:4:13	pa:4:139	pa:5:16	pa:5:85	pa:5:122	pa:7:16	pa:14:8	pa:15:70	pa:16:13	pa:17:5	pa:17:30	pa:18:53	pa:23:76	pa:24:10	pa:24:22	pa:24:55	pa:25:137	pa:26:77	pa:27:34	pa:31:59	pa:31:66	pa:31:76	pa:33:38
Beccheria	i:32:119
Beda	pa:10:131
Belacqua	pu:4:123
Belisar	pa:6:25
Bellincion Berti	pa:15:112
Bellincione	pa:16:99
Belo	pa:9:97
Belzebù	i:34:127
Benaco	i:20:63	i:20:74	i:20:77
Benedetto	pa:32:35
Benevento	pu:3:128
Bergamaschi	i:20:71
Bernardin di Fosco	pu:14:101
Bernardo	pa:11:79	pa:31:102	pa:31:139	pa:33:49
Berta	pa:13:139
Bertram dal Bornio	i:28:134
Bianco	i:24:150
Bilance	pu:2:5
Bindi	pa:29:103
Bisenzo	i:32:56
Bismantova	pu:4:26
Bocca	i:32:106
Boemme	pa:19:125
Bologna	i:23:142	pu:14:100
Bolsena	pu:24:24
Bonagiunta	pu:24:19
Bonagiunta da Lucca	pu:24:20
Bonaventura	pa:12:127
Bonconte	pu:5:88
Bonifazio	i:19:53	pu:24:29
Bonturo	i:21:41
Borea	pa:28:81
Borgo	pa:16:134
Bostichi	pa:16:93
Brabante	pu:6:23
Branca Doria	i:33:137	i:33:140
Brandizio	pu:3:27
Brenno	pa:6:44
Brenta	i:15:7	pa:9:27
Brescia	i:20:68
Bresciani	i:20:71
Bretinoro	pu:14:112
Brigata	i:33:89
Brisso	pa:13:125
Bruggia	i:15:4	pu:20:46
Brunetto	i:15:30	i:15:101
Brunetto Latino	i:15:32
Bruto	i:4:127	i:34:65	pa:6:74
Brïareo	i:31:98	pu:12:28
Buggea	pa:9:92
Bulicame	i:14:79
Buondelmonte	pa:16:140
Buondelmonti	pa:16:66
Buoso	i:25:140
Buoso Donati	i:30:44
Bëatrice	pu:27:36	pu:32:36	pu:33:4	pu:33:124	pa:9:16	pa:10:37	pa:10:52	pa:10:60	pa:11:11	pa:14:79	pa:18:17	pa:21:63	pa:22:125	pa:23:19	pa:23:34	pa:25:28	pa:27:102	pa:29:8	pa:30:14	pa:30:128	pa:32:9
Caccia d'Ascian	i:29:131
Cacciaguida	pa:15:135
Caccianemico	i:18:50
Caco	i:25:25
Cacume	pu:4:26
Cadmo	i:25:97
Cagnan	pa:9:49
Cagnazzo	i:21:119	i:22:106
Cain	pa:2:51
Caina	i:5:107	i:32:58
Caino	i:20:126
Calaroga	pa:12:52
Calboli	pu:14:89
Calcabrina	i:21:118	i:22:133
Calcanta	i:20:110
Calfucci	pa:16:106
Calisto	pa:27:44
Calïopè	pu:1:9
Camiscion de' Pazzi	i:32:68
Cammilla	i:1:107	i:4:124
Campagnatico	pu:11:66
Campaldino	pu:5:92
Campi	pa:16:50
Campo Picen	i:24:148
Campo di Siena	pu:11:134
Canavese	pu:7:136
Cancro	pa:25:101
Caorsa	i:11:50
Caorsini	pa:27:58
Capaneo	i:14:63
Capocchio	i:29:136	i:30:28
Caponsacco	pa:16:121
Cappelletti	pu:6:106
Capraia	i:33:82
Capricorno	pu:2:57
Caprona	i:21:95
Carentana	i:15:9
Cariddi	i:7:22
Carisenda	i:31:136
Carlin	i:32:69
Carlo	i:19:99	pu:5:69	pu:11:137	pu:20:67	pu:20:71	pa:6:106	pa:8:72	pa:9:1	pa:20:63
Carlo Magno	i:31:17	pa:6:96	pa:18:43
Carnaro	i:9:113
Caron	i:3:94	i:3:109	i:3:128
Carrarese	i:20:48
Carro	i:11:114	pu:1:30
Casal	pa:12:124
Casalodi	i:20:95
Casella	pu:2:91
Casentin	i:30:65
Casentino	pu:5:94
Cassino	pa:22:37
Cassio	i:34:67	pa:6:74
Castore	pu:4:61
Castrocaro	pu:14:116
Catalan	i:23:114
Catalano	i:23:104
Catalogna	pa:8:77
Catellini	pa:16:88
Caton	i:14:15
Catona	pa:8:62
Catria	pa:21:109
Cattolica	i:28:80
Cecilio	pu:22:98
Cecina	i:13:9
Cefàs	pa:21:127
Ceperan	i:28:16
Cerbero	i:6:13	i:6:22	i:6:32	i:9:98
Cerchi	pa:16:65
Certaldo	pa:16:50
Cervia	i:27:42
Cesar	pu:26:77
Cesare	i:4:123	i:13:65	i:28:98	pu:6:92	pu:6:114	pu:18:101	pa:6:10	pa:6:57	pa:6:86	pa:16:59
Cherubi	pa:28:99
Chiana	pa:13:23
Chiassi	pu:28:20
Chiaveri	pu:19:100
Chiesa	pa:6:22	pa:22:82
Chirón	i:12:65	i:12:71	i:12:77	i:12:97	pu:9:37
Chiusi	pa:16:75
Ciacco	i:6:52	i:6:58
Cianfa	i:25:43
Cianghella	pa:15:128
Cicilia	i:12:108	pu:3:116
Cieldauro	pa:10:128
Cimabue	pu:11:94
Cincinnato	pa:15:129
Ciotto	pa:19:127
Cipri	i:28:82
Circe	i:26:91	pu:14:42
Ciro	pu:12:56
Cirra	pa:1:36
Cirïatto	i:21:122	i:22:55
Citerea	pu:27:95
Clemente	pu:3:125
Clemenza	pa:9:1
Cleopatra	pa:6:76
Cleopatràs	i:5:63
Cleto	pa:27:41
Climenè	pa:17:1
Cloto	pu:21:27
Clugnì	i:23:63
Clïò	pu:22:58
Cocito	i:14:119	i:31:123	i:33:156	i:34:52
Colchi	i:18:87
Colco	pa:2:16
Colle	pu:13:115
Cologna	pa:10:99
Conio	pu:14:116
Conti	pa:16:64
Corneto	i:13:9
Corniglia	i:4:128	pa:15:129
Coro	i:11:114
Corsi	pu:18:81
Cosenza	pu:3:124
Costantin	i:19:115	i:27:94	pa:6:1
Costanza	pu:3:113	pu:3:143	pu:7:129	pa:3:118	pa:4:98
Crasso	pu:20:116
Creta	i:14:95
Creti	i:12:12
Creusa	pa:9:98
Crisostomo	pa:12:137
Cristian	pa:19:109
Cristiani	pa:5:73	pa:20:104
Cristo	pu:20:87	pu:21:8	pu:23:74	pu:26:129	pu:32:102	pa:6:14	pa:9:120	pa:11:72	pa:11:102	pa:11:107	pa:12:37	pa:12:71	pa:12:73	pa:12:75	pa:14:104	pa:14:106	pa:14:108	pa:17:51	pa:19:72	pa:19:104	pa:19:106	pa:19:108	pa:20:47	pa:23:20	pa:23:72	pa:25:15	pa:26:53	pa:27:40	pa:29:98	pa:29:109	pa:31:3	pa:32:20	pa:32:24	pa:32:27	pa:32:83	pa:32:85	pa:32:87	pa:32:125
Croazia	pa:31:103
Cunizza	pa:9:32
Cupido	pa:8:7
Curradino	pu:20:68
Currado	pu:8:65	pa:15:139
Currado Malaspina	pu:8:118
Currado da Palazzo	pu:16:124
Curïo	i:28:102
Dammiata	i:14:104
Danoia	i:32:26
Dante	pu:30:55
Danubio	pa:8:65
Danïel	pa:29:134
Danïello	pu:22:146	pa:4:13
Davìd	i:4:58	i:28:138
Deci	pa:6:47
Decretali	pa:9:134
Dedalo	i:29:116
Dei	pa:12:93
Deianira	i:12:68
Delectasti	pu:28:80
Delia	pu:29:78
Delo	pu:20:130
Democrito	i:4:136
Demofoonte	pa:9:101
Deo	pu:16:108	pu:20:136
Deus	pu:33:1	pa:7:1
Deï	pu:10:44	pa:15:29
Deïdamia	pu:22:114
Deïdamìa	i:26:62
Deïfile	pu:22:110
Diana	pu:13:153	pu:25:131
Dido	i:5:85	pa:8:9
Dio	i:1:131	i:2:91	i:2:103	i:3:39	i:3:63	i:3:103	i:3:108	i:3:122	i:4:38	i:7:19	i:8:60	i:11:26	i:11:31	i:11:51	i:11:74	i:11:84	i:11:105	i:12:119	i:14:16	i:14:70	i:19:2	i:20:19	i:24:119	i:25:3	i:25:14	pu:2:29	pu:2:123	pu:3:126	pu:4:129	pu:5:56	pu:5:104	pu:6:42	pu:6:93	pu:7:5	pu:8:12	pu:8:66	pu:9:104	pu:10:108	pu:11:71	pu:11:90	pu:13:122	pu:13:124	pu:13:146	pu:14:79	pu:16:18	pu:16:40	pu:16:123	pu:16:141	pu:19:76	pu:19:92	pu:19:113	pu:21:13	pu:21:20	pu:22:66	pu:23:58	pu:23:81	pu:23:91	pu:27:6	pu:27:24	pu:28:125	pu:30:142	pu:33:36	pu:33:44	pu:33:59	pu:33:71	pa:1:105	pa:2:29	pa:2:42	pa:4:45	pa:5:19	pa:5:27	pa:5:28	pa:6:4	pa:6:23	pa:6:111	pa:7:30	pa:7:47	pa:7:56	pa:7:91	pa:7:103	pa:7:115	pa:7:119	pa:8:90	pa:9:62	pa:9:73	pa:10:56	pa:10:140	pa:12:17	pa:12:132	pa:13:33	pa:14:89	pa:16:143	pa:17:33	pa:18:4	pa:20:110	pa:20:122	pa:20:134	pa:21:92	pa:21:114	pa:22:80	pa:22:83	pa:22:95	pa:23:114	pa:23:137	pa:24:4	pa:24:113	pa:24:130	pa:25:11	pa:25:63	pa:25:90	pa:26:48	pa:26:56	pa:26:109	pa:27:57	pa:27:105	pa:28:128	pa:29:21	pa:29:77	pa:30:97	pa:30:122	pa:30:145	pa:31:107	pa:32:93	pa:32:113	pa:33:40
Dite	i:8:68	i:11:65	i:12:39	i:34:20
Doagio	pu:20:46
Dolcin	i:28:55
Domenico	pa:10:95	pa:12:70
Dominazioni	pa:28:122
Domine	pu:23:11	pu:30:83
Domizian	pu:22:83
Donato	pa:12:137
Donne ch'avete intelletto d'amore	pu:24:51
Draghignazzo	i:21:121	i:22:73
Duera	i:32:116
Durazzo	pa:6:65
Dïascoride	i:4:140
Dïogenès	i:4:137
Dïomede	i:26:56
Dïone	pa:8:7	pa:22:144
Dïonisio	i:12:107	pa:28:130
Ebree	pa:32:17
Ebrei	pu:4:83	pu:24:124	pa:5:49
Ebro	pa:9:89
Ecuba	i:30:16
Efigènia	pa:5:70
Egidio	pa:11:83
Egina	i:29:59
Egitto	pa:25:55
El	pa:26:136
Elena	i:5:64
Elesponto	pu:28:71
Eletra	i:4:121
Elia	i:26:35	pu:32:80
Elice	pu:25:131	pa:31:32
Elicona	pu:29:40
Eliseo	pa:15:136
Eliso	pa:15:27
Elsa	pu:33:67
Elì	pu:23:74
Elïodoro	pu:20:113
Elïòs	pa:14:96
Ema	pa:16:143
Empedoclès	i:4:138
Enea	i:4:122
Enëa	i:2:32	i:26:93
Epicuro	i:10:14
Equatore	pu:4:80
Era	pa:6:59
Eraclito	i:4:138
Ercule	i:25:32	i:26:108	i:31:132
Erine	i:9:45
Erisittone	pu:23:26
Eritón	i:9:23
Ermo	pu:5:96
Esaù	pa:8:130
Esti	pu:5:77
Estèr	pu:17:29
Eteòcle	i:26:54
Etica	i:11:80
Ettore	pa:6:68
Ettòr	i:4:122
Etïopia	i:24:89
Etïopo	pu:26:21
Etïòpe	pa:19:109
Euclide	i:4:142
Eurialo	i:1:108
Euripide	pu:22:106
Euripilo	i:20:112
Euro	pa:8:69
Europa	pu:8:123	pa:6:5	pa:12:48	pa:27:84
Eva	pu:8:99	pu:12:71	pu:24:116	pu:29:24
Evangelio	pa:9:133	pa:24:137	pa:29:114
Ezechïel	pu:29:100
Eünoè	pu:28:131	pu:33:127
Fabbro	pu:14:100
Fabi	pa:6:47
Fabrizio	pu:20:25
Faenza	i:32:123	pu:14:101
Falterona	pu:14:17
Famagosta	pa:19:146
Fano	i:28:76	pu:5:71
Farfarello	i:21:123	i:22:94
Farinata	i:6:79	i:10:32
Farisei	i:23:116	i:27:85
Farsalia	pa:6:65
Federico	i:10:119
Federigo	i:13:59	i:23:66	pu:7:119	pu:16:117	pa:20:63
Federigo Novello	pu:6:17
Federigo Tignoso	pu:14:106
Fegghine	pa:16:50
Felice	pa:12:79
Feltro	pa:9:52
Fetonte	i:17:107	pa:31:125
Fetòn	pu:4:72
Fiamminghi	i:15:4
Fiesole	i:15:62	pa:15:126	pa:16:122
Fifanti	pa:16:104
Figlio	pa:27:1
Figliuol di Dio	pa:27:24
Filippeschi	pu:6:107
Filippi	pu:20:50	pa:16:89
Filippo Argenti	i:8:61
Fiorentin	i:17:70
Fiorentini	pa:16:86
Fiorenza	i:10:92	i:16:75	i:24:144	i:26:1	i:32:120	pu:6:127	pu:20:75	pa:15:97	pa:16:84	pa:16:111	pa:16:146	pa:16:149	pa:17:48	pa:29:103	pa:31:39
Fisica	i:11:101
Flegetonta	i:14:116	i:14:131
Flegra	i:14:58
Flegïàs	i:8:19	i:8:24
Focaccia	i:32:63
Focara	i:28:89
Folco	pa:9:94
Folo	i:12:72
Fonte Branda	i:30:78
Forese	pu:23:48	pu:23:76	pu:24:74
Forlì	i:16:99	pu:24:32
Fortuna	i:15:93	i:15:95	pa:16:84
Fotin	i:11:9
Francesca	i:5:116
Franceschi	i:27:44	i:32:115
Francesco	i:27:112	pa:11:74	pa:22:90	pa:32:35
Francesco d'Accorso	i:15:110
Francia	i:19:87	pu:7:109	pu:20:51	pu:20:71	pa:15:120
Franco Bolognese	pu:11:83
Frati godenti	i:23:103
Frison	i:31:64
Fïalte	i:31:94	i:31:108
Gabrïel	pa:4:47
Gabrïello	pa:9:138
Gaddo	i:33:68
Gade	pa:27:82
Gaeta	i:26:92	pa:8:62
Gaia	pu:16:140
Galassia	pa:14:99
Galeotto	i:5:137
Galigaio	pa:16:101
Galizia	pa:25:18
Galli	pa:16:105
Gallura	i:22:82	pu:8:81
Galluzzo	pa:16:53
Galïeno	i:4:143
Ganellone	i:32:122
Gange	pu:2:5	pu:27:4	pa:11:51
Ganimede	pu:9:23
Garda	i:20:65
Gardingo	i:23:108
Gaville	i:25:151
Gedeon	pu:24:125
Gelboè	pu:12:41
Gemelli	pa:22:152
Genesì	i:11:107
Genovese	pa:9:90
Genovesi	i:33:151
Gentili	pa:20:104
Gentucca	pu:24:37
Geri del Bello	i:29:27
Gerïon	i:17:97	i:18:20	pu:27:23
Gerïone	i:17:133
Gherardo	pu:16:124	pu:16:133	pu:16:138
Ghibellin	pa:6:103
Ghin di Tacco	pu:6:14
Ghisolabella	i:18:55
Gianni Schicchi	i:30:32
Gianni de' Soldanier	i:32:121
Giano	pa:6:81
Giganti	pu:12:33
Ginevra	pa:16:15
Giocasta	pu:22:56
Gioseppo	i:30:97
Giotto	pu:11:95
Giovacchino	pa:12:140
Giovanna	pu:5:89	pu:8:71	pa:12:80
Giovanni	pu:29:105	pu:32:76	pa:4:29	pa:32:31
Giove	i:14:52	i:31:45	i:31:92	pu:6:118	pu:29:120	pu:32:112	pa:4:62	pa:18:95	pa:22:145
Giovenale	pu:22:14
Giuda	i:9:27	i:31:143	pu:20:74	pu:21:84	pa:16:123
Giuda Scarïotto	i:34:62
Giudecca	i:34:117
Giudei	i:23:123	i:27:87	pa:7:47	pa:29:102
Giudeo	pa:5:81
Giuochi	pa:16:104
Glauco	pa:1:68
Gomita	i:22:81
Gomorra	pu:26:40
Gorgona	i:33:82
Gorgón	i:9:56
Gottifredi	pa:18:47
Governol	i:20:78
Graffiacan	i:22:34
Graffiacane	i:21:122
Grazïan	pa:10:104
Greci	pu:9:39	pu:22:88	pu:22:108	pa:5:69	pa:16:89
Grecia	i:20:108
Greco	i:30:122
Gregorio	pu:10:75	pa:28:133
Gualandi	i:33:32
Gualdo	pa:11:48
Gualdrada	i:16:37
Gualterotti	pa:16:133
Guanto	pu:20:46
Guaschi	pa:27:58
Guasco	pa:17:82
Guascogna	pu:20:66
Guelfi	pa:6:107
Guido	i:10:63	i:28:77	i:30:77	pu:11:97	pa:16:98
Guido Bonatti	i:20:118
Guido Guerra	i:16:38
Guido Guinizzelli	pu:26:92
Guido da Castel	pu:16:125
Guido da Prata	pu:14:104
Guido del Duca	pu:14:81
Guido di Carpigna	pu:14:98
Guiglielmo	pu:7:134	pa:18:46	pa:20:62
Guiglielmo Aldobrandesco	pu:11:59
Guiglielmo Borsiere	i:16:70
Guittone	pu:24:56	pu:26:124
Guizzante	i:15:4
I	pa:26:134
Iacobbe	pa:22:71
Iacomo	pu:7:119
Iacopo	i:13:133	pu:32:76
Iacopo Rusticucci	i:6:80	i:16:44
Iacòb	pa:8:131
Iarba	pu:31:72
Iasón	i:18:86	i:19:85	pa:2:18
Ibero	pu:27:3
Icaro	i:17:109
Ida	i:14:98
Iddio	pu:13:117	pa:3:108	pa:20:138
Ieptè	pa:5:66
Ieronimo	pa:29:37
Ierusalemme	pu:23:29	pa:19:127	pa:25:56
Ierusalèm	pu:2:3
Iesù	pa:25:33
Iesù Cristo	pa:31:107
Ilerda	pu:18:101
Illuminato	pa:12:130
Ilïón	i:1:75	pu:12:62
Importuni	pa:16:133
Indi	pu:32:41	pa:29:101
Indo	pu:26:21	pa:19:71
Indïa	i:14:32
Infangato	pa:16:123
Inghilese	pa:19:122
Innocenzio	pa:11:92
Iole	pa:9:102
Iordan	pu:18:135	pa:22:94
Iosafàt	i:10:11
Iosuè	pa:18:38
Iosüè	pu:20:111	pa:9:125
Iove	pa:27:14
Iperïone	pa:22:142
Ipocràte	i:4:143	pu:29:137
Ipolito	pa:17:46
Isaia	pa:25:91
Isara	pa:6:59
Isidoro	pa:10:131
Isifile	i:18:92
Ismene	pu:22:111
Ismeno	pu:18:91
Isopo	i:23:4
Ispagna	pu:18:102
Israèl	i:4:59
Isräel	pu:2:46
Istra	i:27:21
Italia	i:1:106	i:9:114	i:20:61	pu:6:76	pu:6:124	pu:7:95	pu:13:96	pu:20:67	pu:30:86	pa:21:106	pa:30:137
Iuba	pa:6:70
Iudìt	pa:32:10
Iulia	i:4:128
Iulio	i:1:70
Iuno	pa:28:32
Iunone	i:30:1	pa:12:12
Iustinïano	pu:6:89	pa:6:10
Lacedemona	pu:6:139
Lamagna	i:20:62
Lamone	i:27:49
Lancialotto	i:5:128
Lanfranchi	i:33:32
Langia	pu:22:112
Lano	i:13:120
Lapi	pa:29:103
Lapo Salterello	pa:15:128
Laterano	i:27:86	pa:31:35
Latin	i:29:91	pu:7:16
Latino	i:4:125	i:29:88
Latona	pu:20:131	pa:10:67	pa:22:139	pa:29:1
Lavina	i:4:126	pu:17:37	pa:6:3
Leandro	pu:28:73
Learco	i:30:10
Leda	pa:27:98
Lemosì	pu:26:120
Lenno	i:18:88
Leon	pa:16:37
Leone	pa:21:14
Lerice	pu:3:49
Letè	i:14:131	i:14:136	pu:26:108	pu:28:130	pu:30:143	pu:33:96	pu:33:123
Levì	pu:16:132
Lia	pu:27:101
Libano	pu:30:11
Libia	i:24:85
Libicocco	i:21:121	i:22:70
Libra	pu:27:3	pa:29:2
Ligurgo	pu:26:94
Lilla	pu:20:46
Lin	pa:27:41
Lino	i:4:141
Livïo	i:28:12
Lizio	pu:14:97
Loderingo	i:23:104
Logodoro	i:22:89
Lombardi	i:22:99
Lombardo	pu:16:46	pa:17:71
Lorenzo	pa:4:83
Luca	pu:21:7
Lucano	i:4:90	i:25:94
Lucca	i:18:122	i:33:30	pu:24:35
Lucia	i:2:97	i:2:100	pu:9:55	pa:32:137
Lucifero	i:31:143	i:34:89
Lucrezia	i:4:128	pa:6:41
Luigi	pu:20:50
Luni	i:20:47	pa:16:73
Làchesis	pu:25:79
Macabeo	pa:18:40
Maccabei	i:19:86
Maccario	pa:22:49
Macra	pa:9:89
Madïan	pu:24:126
Maggior Fortuna	pu:19:4
Maia	pa:22:144
Maiolica	i:28:82
Malacoda	i:21:76	i:21:79
Malebolge	i:18:1	i:21:5	i:24:37	i:29:41
Malebranche	i:21:37	i:22:100	i:23:23	i:33:142
Manfredi	pu:3:112
Manto	i:20:55
Mantüa	i:20:93	pu:6:72
Mar Rosso	i:24:90
Marcabò	i:28:75
Marcel	pu:6:125
Marchese	pu:24:31
Marco	pu:16:46	pu:16:130
Mardoceo	pu:17:29
Maremma	i:25:19	i:29:48	pu:5:134
Margherita	pu:7:128
Maria	pu:3:39	pu:5:101	pu:8:37	pu:10:50	pu:13:50	pu:18:100	pu:20:19	pu:22:142	pu:23:30	pu:33:6	pa:3:122	pa:4:30	pa:11:71	pa:14:36	pa:15:133	pa:23:111	pa:23:126	pa:23:137	pa:32:4	pa:32:95	pa:32:107	pa:32:113
Marsilia	pu:18:102
Marsïa	pa:1:20
Marte	i:24:145	i:31:51	pu:2:14	pu:12:31	pa:4:63	pa:8:132	pa:14:101	pa:16:47	pa:27:14
Martino	pa:13:139
Marzia	pu:1:79
Marzucco	pu:6:18
Marzïa	i:4:128	pu:1:85
Matelda	pu:33:119
Matia	i:19:94
Medea	i:18:96
Medusa	i:9:52
Megera	i:9:46
Melanesi	pu:8:80
Melchisedèch	pa:8:125
Meleagro	pu:25:22
Melisso	pa:13:125
Menalippo	i:32:131
Mencio	i:20:77
Mercurio	pa:4:63
Metello	pu:9:138
Michel	pa:4:47
Michel Zanche	i:22:88	i:33:144
Michele	i:7:11	pu:13:51
Michele Scotto	i:20:116
Micòl	pu:10:68	pu:10:72
Mida	pu:20:106
Milan	pu:18:120
Minerva	pu:30:68	pa:2:8
Minoi	pa:13:14
Minotauro	i:12:25
Minòs	i:5:4	i:5:17	i:13:96	i:20:36	i:27:124	i:29:120	pu:1:77
Mira	pu:5:79
Mirra	i:30:38
Miserere	pu:5:24
Miserere mei	pa:32:12
Modena	pa:6:75
Molta	pu:7:99
Monaldi	pu:6:107
Monferrato	pu:7:136
Mongibello	i:14:56
Montagna	i:27:47
Montaperti	i:32:81
Monte Viso	i:16:95
Montecchi	pu:6:106
Montefeltro	pu:5:88
Montemalo	pa:15:109
Montemurlo	pa:16:64
Montereggion	i:31:41
Montone	pu:8:134	pa:29:2
Moronto	pa:15:136
Morrocco	i:26:104	pu:4:139
Mosca	i:6:80	i:28:106
Moïsè	i:4:57	pu:32:80	pa:4:29	pa:24:136	pa:26:41
Muda	i:33:22
Muse	pu:1:8	pu:22:102	pa:2:9
Muzio	pa:4:84
Mäometto	i:28:31	i:28:62
Nabuccodonosor	pa:4:14
Naiade	pu:33:49
Napoli	pu:3:27
Narcisso	i:30:128
Nasidio	i:25:95
Natàn	pa:12:136
Navarra	i:22:48	pa:19:143
Navarrese	i:22:121
Nazarette	pa:9:137
Nella	pu:23:87
Nembrotto	i:31:77
Nembròt	pu:12:34	pa:26:126
Neri	i:24:143
Nerli	pa:15:115
Nesso	i:12:67	i:12:98	i:13:1
Nettuno	i:28:83	pa:33:96
Niccolò	i:29:127	pu:20:32
Niccosïa	pa:19:146
Nil	pa:6:66
Nilo	i:34:45	pu:24:64
Nin	pu:8:53
Nino	i:5:59
Niso	i:1:108
Noarese	i:28:59
Nocera	pa:11:48
Noli	pu:4:25
Normandia	pu:20:66
Norvegia	pa:19:139
Nostra Donna	pa:21:123
Notaro	pu:24:56
Noè	i:4:56	pa:12:17
Nïobè	pu:12:37
Oderisi	pu:11:79
Olimpo	pu:24:15
Oloferne	pu:12:59
Omberto	pu:11:67
Omero	i:4:88
Onorio	pa:11:98
Opizzo da Esti	i:12:111
Orazio	i:4:89
Orbino	i:27:29
Orbisaglia	pa:16:73
Oreste	pu:13:32
Orfeo	i:4:140
Orlando	i:31:18	pa:18:43
Ormanni	pa:16:89
Orse	pu:4:65	pa:2:9
Orso	pu:6:19
Orïaco	pu:5:80
Orïente	pa:11:54
Osterlicchi	i:32:26
Ostïense	pa:12:83
Ottacchero	pu:7:100
Ottavian	pu:7:6
Ovidio	i:4:90	i:25:97
Pachino	pa:8:68
Pado	pa:15:137
Padoan	i:15:7
Padova	pa:9:46
Padre	pa:27:1
Pagan	pu:14:118
Palermo	pa:8:75
Pallade	pu:12:31
Palladio	i:26:63
Pallante	pa:6:36
Pantasilea	i:4:124
Parigi	pu:20:52
Parisi	pu:11:81
Parmenide	pa:13:125
Parnaso	pu:22:65	pu:28:141	pu:31:141	pa:1:16
Parìs	i:5:67
Pasife	pu:26:41
Paulo	i:2:32	pa:18:131
Peana	pa:13:25
Pegasëa	pa:18:82
Peloro	pu:14:32	pa:8:68
Penelopè	i:26:96
Penestrino	i:27:102
Pennino	i:20:65
Pera	pa:16:126
Perse	pa:19:112
Persio	pu:22:100
Perugia	pa:6:75	pa:11:46
Peschiera	i:20:70
Pesci	i:11:113	pu:1:21
Petri	pu:19:99
Pia	pu:5:133
Piava	pa:9:27
Piccarda	pu:24:10	pa:3:49	pa:4:97	pa:4:112
Piche	pu:1:11
Pier	i:19:94	pu:7:125	pu:9:127	pa:22:88
Pier Pettinaio	pu:13:128
Pier Traversaro	pu:14:98
Pier da Medicina	i:28:73
Pier da la Broccia	pu:6:22
Piero	i:2:24
Pietola	pu:18:83
Pietrapana	i:32:29
Pietro	pu:13:51	pu:21:54	pu:32:76	pa:9:141	pa:10:107	pa:11:120	pa:18:131	pa:25:12	pa:32:133
Pietro Bernardone	pa:11:89
Pietro Damiano	pa:21:121
Pietro Mangiadore	pa:12:134
Pietro Peccator	pa:21:122
Pietro Spano	pa:12:134
Pigmalïon	pu:20:103
Pilato	pu:20:91
Pinamonte	i:20:96
Piramo	pu:27:38	pu:33:69
Pirro	i:12:135	pa:6:44
Pisa	i:33:79	pu:6:17
Pisan	i:33:30
Pisistràto	pu:15:101
Pistoia	i:24:126	i:24:143	i:25:10
Plato	pu:3:43
Platone	i:4:134	pa:4:24
Plauto	pu:22:98
Pluto	i:6:115	i:7:2
Po	i:5:98	i:20:78	pu:14:92	pu:16:115	pa:6:51
Podestadi	pa:28:123
Pola	i:9:113
Polenta	i:27:41
Policleto	pu:10:32
Polidoro	i:30:18	pu:20:115
Polimnïa	pa:23:56
Polinestòr	pu:20:115
Polissena	i:30:17
Polo	pa:18:136
Poluce	pu:4:61
Pompeo	pa:6:53
Pontì	pu:20:66
Porta Sole	pa:11:47
Portogallo	pa:19:139
Povertà	pa:11:74
Praga	pa:19:117
Prato	i:26:9
Pratomagno	pu:5:116
Pressa	pa:16:100
Principati	pa:28:125
Priscian	i:15:109
Proenza	pu:7:126
Proserpina	pu:28:50
Provenzai	pa:6:130
Provenzan Salvani	pu:11:121
Puccio Sciancato	i:25:148
Puglia	i:28:9	pu:7:126
Pugliese	i:28:17
Pïo	pa:27:44
Quinzio	pa:6:46
Quirino	pa:8:131
Raab	pa:9:116
Rabano	pa:12:139
Rachel	pu:27:104	pa:32:8
Rachele	i:2:102	i:4:60
Ramondo Beringhiere	pa:6:134
Rascia	pa:19:140
Ravenna	i:27:40	pa:6:61
Ravignani	pa:16:97
Rebecca	pa:32:10
Regina celi	pa:23:128
Regnum celorum	pa:20:94
Reno	i:18:61	pu:14:92	pa:6:58
Riccardo	pa:10:131
Ridolfo	pa:8:72
Rife	pu:26:43
Rifëo Troiano	pa:20:68
Rinier	pu:14:88
Rinier Pazzo	i:12:137
Rinier da Corneto	i:12:137
Rinoardo	pa:18:46
Roboàm	pu:12:46
Rodano	i:9:112	pa:6:60	pa:8:59
Rodolfo	pu:7:94
Roma	i:1:71	i:2:20	i:14:105	i:31:59	pu:6:112	pu:16:106	pu:16:127	pu:18:80	pu:21:89	pu:29:115	pu:32:102	pa:6:57	pa:9:140	pa:15:126	pa:16:10	pa:24:63	pa:27:62	pa:31:34
Romagna	i:27:37	i:33:154	pu:5:69	pu:15:44
Romagnuoli	i:27:28	pu:14:99
Roman	i:15:77	i:18:28
Romane	pu:22:145
Romani	i:26:60	pa:6:44	pa:19:102
Romena	i:30:73
Romeo	pa:6:128	pa:6:135
Romoaldo	pa:22:49
Rubaconte	pu:12:102
Ruberto Guiscardo	i:28:14	pa:18:48
Rubicante	i:21:123	i:22:40
Rubicon	pa:6:62
Ruggieri	i:33:14
Rëa	i:14:100
Rïalto	pa:9:26
Sabellio	pa:13:127
Sabello	i:25:95
Sabine	pa:6:40
Sacchetti	pa:16:104
Saffira	pu:20:112
Saladino	i:4:129
Salve, Regina	pu:7:82
Samuel	pa:4:29
San Benedetto	i:16:100
San Giovanni	i:19:17	pa:16:25
San Pietro	i:31:59
San Vittore	pa:12:133
San Zeno	pu:18:118
Sanesi	i:29:134	pu:11:65
Sanleo	pu:4:25
Sannella	pa:16:92
Santa Chiesa	pu:3:137	pu:24:22	pa:4:46	pa:5:35	pa:6:95	pa:10:108	pa:12:107	pa:32:125
Santa Zita	i:21:38
Santafior	pu:6:111
Santerno	i:27:49
Santo Andrea	i:13:133
Santo Pietro	i:18:32
Santo Spiro	pa:14:76
Santo Volto	i:21:48
Sapìa	pu:13:109
Saracin	i:27:87
Sardanapalo	pa:15:107
Sardi	i:26:104	pu:18:81
Sardigna	i:22:89	i:29:48	pu:23:94
Sarra	pa:32:10
Sassol Mascheroni	i:32:65
Saturno	pu:19:3
Satàn	i:7:1
Savio	i:27:52
Saùl	pu:12:40
Scarmiglione	i:21:105
Schiro	pu:9:37
Scipio	pa:27:61
Scipïon	i:31:116
Scipïone	pa:6:53
Scorpio	pu:25:3
Scotto	pa:19:122
Scrittura	pa:4:43	pa:19:83	pa:29:90
Scrittura santa	pa:32:68
Scritture	pa:13:128
Semelè	i:30:2	pa:21:6
Semiramìs	i:5:58
Seneca	i:4:141
Senna	pa:6:59	pa:19:118
Sennacherìb	pu:12:53
Sennaàr	pu:12:36
Serafi	pa:28:99
Serafin	pa:4:28
Serafini	pa:8:27
Serchio	i:21:49
Serse	pu:28:71	pa:8:124
Sesto	i:12:135	pu:28:74
Setta	i:26:111
Sfinge	pu:33:47
Sibilia	i:26:110
Sibilla	pa:33:66
Sicheo	i:5:62	pa:9:98
Siena	i:29:109	pu:5:134	pu:11:111	pu:11:123
Sigieri	pa:10:136
Signa	pa:16:56
Sile	pa:9:49
Silvestro	i:27:94	pa:11:83
Silvïo	i:2:13
Simeonta	pa:6:67
Simifonti	pa:16:62
Simon	i:19:1
Simon mago	pa:30:147
Simonide	pu:22:107
Sinigaglia	pa:16:75
Sinon	i:30:98	i:30:116
Siratti	i:27:95
Siringa	pu:32:65
Sismondi	i:33:32
Sisto	pa:27:44
Sizii	pa:16:108
Soave	pa:3:119
Sobilia	i:20:126
Socrate	i:4:134
Soddoma	i:11:50	pu:26:40	pu:26:79
Sol	pu:7:26	pu:29:117	pu:29:118	pa:9:8	pa:10:53
Soldanieri	pa:16:93
Soldano	i:27:90
Sole	pu:29:78
Solone	pa:8:124
Sordel	pu:7:3	pu:9:58
Sordello	pu:6:74	pu:7:52	pu:8:38	pu:8:43	pu:8:62	pu:8:94
Sorga	pa:8:59
Spagna	i:26:103	pa:6:64	pa:19:125
Spani	pa:29:101
Spirito Santo	pu:20:98	pa:3:53	pa:19:101	pa:20:38	pa:21:128	pa:24:92	pa:27:1	pa:29:41
Stazio	pu:21:91	pu:22:25	pu:24:119	pu:25:29	pu:25:32	pu:27:47	pu:32:29	pu:33:134
Stige	i:7:106	i:9:81	i:14:116
Stricca	i:29:125
Strofade	i:13:11
Summae Deus clementïae	pu:25:121
Sàvena	i:18:61
Sïestri	pu:19:100
Sïòn	pu:4:68
Taddeo	pa:12:83
Tagliacozzo	i:28:17
Tagliamento	pa:9:44
Talamone	pu:13:152
Tale	i:4:137
Tambernicchi	i:32:28
Tamiri	pu:12:56
Tamisi	i:12:120
Tanaï	i:32:27
Tarpëa	pu:9:137
Tarquino	i:4:127
Tartari	i:17:17
Taumante	pu:21:50
Tauro	pu:25:3	pa:22:111
Taïde	i:18:133
Te Deum laudamus	pu:9:140
Te lucis ante	pu:8:13
Tebaldello	i:32:122
Tebaldo	i:22:52
Teban	i:20:32	pu:18:93
Tebe	i:14:69	i:25:15	i:30:22	i:32:11	i:33:89	pu:21:92	pu:22:89
Tedeschi	i:17:21
Tegghiaio	i:6:79
Tegghiaio Aldobrandi	i:16:41
Temi	pu:33:47
Terra	pu:29:119
Terra Santa	pa:9:125
Terrenzio	pu:22:97
Tesifón	i:9:48
Tesoro	i:15:119
Testamento	pa:5:76
Tesëo	i:9:54	pu:24:123
Teti	pu:22:113
Tever	i:27:30
Tevero	pu:2:101	pa:11:106
Thomas d'Aquino	pa:10:99
Tidëo	i:32:130
Tifeo	pa:8:70
Tifo	i:31:124
Tigri	pu:33:112
Timbreo	pu:12:31
Timeo	pa:4:49
Tiralli	i:20:63
Tiresia	i:20:40	pu:22:113
Tisbe	pu:27:37
Tito	pu:21:82	pa:6:92
Titone	pu:9:1
Tizio	i:31:124
Tobia	pa:4:48
Tolomea	i:33:124
Tolomeo	i:4:142	pa:6:69
Tomma	pa:12:110
Tommaso	pu:20:69	pa:12:144	pa:14:6	pa:16:129
Toppo	i:13:121
Torquato	pa:6:46
Torso	pu:24:23
Toscana	i:24:122	pu:11:110	pu:13:149	pu:14:16
Toscano	pa:9:90
Toschi	i:22:99
Tosco	i:10:22	i:23:91	pu:11:58	pu:14:103	pu:14:124
Traiano	pu:10:76
Traversara	pu:14:107
Trento	i:12:5
Trespiano	pa:16:54
Trinacria	pa:8:67
Tristano	i:5:67
Trivïa	pa:23:26
Troia	i:1:74	i:30:98	i:30:114	pu:12:61
Troian	i:30:14
Troiani	i:13:11	i:28:10	pa:15:126
Troni	pa:9:61	pa:28:104
Tronto	pa:8:63
Tulïo	i:4:141
Tupino	pa:11:43
Turbìa	pu:3:49
Turchi	i:17:17
Turno	i:1:108
Ubaldin da la Pila	pu:24:29
Ubaldo	pa:11:44
Ubertin Donato	pa:16:119
Uccellatoio	pa:15:110
Ughi	pa:16:88
Ugo	pa:12:133
Ugo Ciappetta	pu:20:49
Ugolin d'Azzo	pu:14:105
Ugolin de' Fantolin	pu:14:121
Ugolino	i:33:13	i:33:85
Uguiccione	i:33:89
Ulisse	i:26:56	pu:19:22	pa:27:83
Ungheria	pa:19:142
Uranìe	pu:29:41
Urbano	pa:27:44
Utica	pu:1:74
Vaio	pa:16:103
Val Camonica	i:20:65
Val di Magra	i:24:145	pu:8:116
Valdichiana	i:29:47
Valdigrieve	pa:16:66
Vangelio	pu:22:154	pa:29:96
Vanni Fucci	i:24:125
Varo	pa:6:58
Varro	pu:22:98
Vaticano	pa:9:139
Vecchio	pa:15:115
Venedico	i:18:50
Venere	pu:25:132	pu:28:65
Vercelli	i:28:75
Verde	pu:3:131	pa:8:63
Verona	i:15:122	pu:18:118
Veronica	pa:31:104
Verrucchio	i:27:46
Vespero	pu:3:25
Vico de li Strami	pa:10:137
Vincenza	pa:9:47
Vincislao	pu:7:101
Vinegia	pa:19:141
Viniziani	i:21:7
Virgilio	i:1:79	i:19:61	i:23:124	i:29:4	i:31:133	pu:2:61	pu:3:74	pu:6:67	pu:7:7	pu:8:64	pu:10:53	pu:13:79	pu:19:28	pu:21:14	pu:21:101	pu:21:103	pu:21:125	pu:22:10	pu:23:130	pu:24:119	pu:27:20	pu:27:118	pu:27:126	pu:29:56	pu:30:46	pu:30:49	pu:30:50	pu:30:51	pu:30:55	pa:17:19	pa:26:118
Virtudi	pa:28:122
Vitalïano	i:17:68
Voi che 'ntendendo il terzo ciel movete	pa:8:37
Vulcano	i:14:57
Zefiro	pa:12:47
Zenone	i:4:138
Zodïaco	pu:4:64
bolognese	i:18:58
bolognesi	i:23:103
bulicame	i:12:128
ciel	pu:1:91	pu:5:105
comedìa	i:16:128	i:21:2
ferrarese	pa:9:56
fiorentine	pu:23:101
francesca	i:29:123
inferno	i:3:41	i:5:10	i:8:75	i:10:36	i:12:35	i:18:1	i:34:81	pu:1:129	pu:5:104	pu:7:21	pu:21:32	pa:6:74	pa:31:81	pa:32:33
l'Eneïda	pu:21:97
limbo	i:4:45	pu:22:14
luna	i:26:131	pu:10:14	pu:19:2	pa:1:115
paradiso	pu:1:99	pa:7:38	pa:10:105	pa:14:38	pa:21:59	pa:23:61	pa:27:2	pa:30:44	pa:31:52
purgatorio	pu:7:39	pu:9:49
san Pietro	i:1:134	i:19:91
sanese	i:29:122
sant' Antonio	pa:29:124
saracine	pu:23:103
sol	i:24:2	pu:1:107	pu:19:10	pu:23:114	pu:30:25	pa:27:69	pa:27:86	pa:30:105
sole	pu:4:16	pu:4:81	pu:4:119	pu:33:104	pa:1:47	pa:1:54
terra	pa:1:91	pa:1:117
Ëolo	pu:28:21
Ëufratès	pu:33:112
