1	Latona
2	Montone	Libra
3
4
5
6
7
8	Bëatrice
9
10
11
12
13
14
15
16
17
18
19
20
21	Dio
22
23
24
25
26
27
28
29
30
31
32
33
34
35
36
37	Ieronimo
38
39
40
41	Spirito Santo
42
43
44
45
46
47
48
49
50
51
52
53
54
55
56
57
58
59
60
61
62
63
64
65
66
67
68
69
70
71
72
73
74
75
76
77	Dio
78
79
80
81
82
83
84
85
86
87
88
89
90	Scrittura
91
92
93
94
95
96	Vangelio
97
98	Cristo
99
100
101	Spani	Indi
102	Giudei
103	Fiorenza	Lapi	Bindi
104
105
106
107
108
109	Cristo
110
111
112
113
114	Evangelio
115
116
117
118
119
120
121
122
123
124	sant' Antonio
125
126
127
128
129
130
131
132
133
134	Danïel
135
136
137
138
139
140
141
142
143
144
145
