line	token	word	role	arg_line	arg_token
1	0			0	0
2	6	par	subj	0	0
2	6	par	obl	1	1
2	6	par	obl:tra	1	4
2	6	par	obl:tra	2	3
2	6	par	obl:di	2	9
3	7	scherza	subj	3	1
3	7	scherza	obl	3	2
3	7	scherza	obl:a	3	4
4	2	pareva	subj	4	6
4	2	pareva	xcomp	5	7
4	2	pareva	obl	4	1
4	2	pareva	obl	4	3
4	2	pareva	obl	4	4
5	7	rimaso	subj	4	6
5	7	rimaso	obl:a	5	3
6	7	era	subj	6	1
6	7	era	subj	6	6
6	7	era	obl	6	2
6	7	era	obl	6	4
7	5	ferien	subj	7	3
7	5	ferien	obl	7	4
7	5	ferien	obl:per	7	7
8	4	girato	subj	8	8
8	4	girato	obl:per	8	3
9	4	andavamo	subj	0	0
9	4	andavamo	obl:inver'	9	7
10	3	senti'	subj	10	2
10	3	senti'	iobj	10	5
10	3	senti'	xcomp	10	6
10	6	gravar	obj	10	8
10	6	gravar	obl:a	11	3
11	0			0	0
12	4	eran	subj	12	6
12	4	eran	iobj	12	3
12	4	eran	attr	12	2
13	3	levai	subj	13	2
13	3	levai	obj	13	5
13	3	levai	obl:inver'	13	8
14	6	fecimi	subj	14	8
15	5	lima	subj	15	1
15	5	lima	obj	15	3
16	0			0	0
17	1	salta	subj	17	3
17	1	salta	obl:da	16	5
17	1	salta	obl:da	16	9
17	1	salta	obl:a	17	7
18	1	salendo	subj	0	0
18	1	salendo	obl:per	18	5
19	4	scende	subj	19	3
19	8	diparte	subj	19	3
19	8	diparte	obl:da	20	2
19	8	diparte	obl:in	20	8
20	0			0	0
21	3	mostra	subj	21	4
21	3	mostra	subj	21	6
22	3	parve	iobj	22	2
22	3	parve	xcomp	23	6
22	3	parve	obl:da	22	5
23	6	percosso	subj	0	0
23	6	percosso	obl:a	23	4
24	4	fuggir	subj	0	0
24	8	fu	subj	24	7
24	8	fu	attr	24	9
24	8	fu	xcomp	24	4
25	2	è	subj	25	3
25	2	è	attr	25	1
25	9	posso	subj	0	0
25	9	posso	xcomp	26	1
25	9	posso	obl:a	25	7
26	1	schermar	subj	0	0
26	1	schermar	obj	26	3
26	7	vaglia	subj	0	0
26	7	vaglia	iobj	26	6
27	1	diss'	subj	27	2
27	1	diss'	ccomp	27	4
27	4	pare	subj	0	0
27	4	pare	xcomp	27	7
27	7	esser	subj	27	6
27	7	esser	attr	27	8
28	3	maravigliar	subj	0	0
28	3	maravigliar	obj	28	2
28	7	abbaglia	subj	29	2
28	7	abbaglia	obj	28	6
29	7	rispuose	subj	0	0
29	7	rispuose	iobj	29	6
29	7	rispuose	ccomp	28	3
29	7	rispuose	ccomp	30	2
30	2	è	subj	0	0
30	2	è	attr	30	1
30	2	è	ccomp	30	4
30	4	viene	subj	0	0
30	4	viene	xcomp	30	6
30	6	invitar	subj	0	0
30	6	invitar	ccomp	30	9
30	9	saglia	subj	30	8
31	2	sarà	subj	0	0
31	2	sarà	ccomp	32	3
31	5	veder	subj	0	0
31	5	veder	obj	31	7
32	3	fia	subj	0	0
32	3	fia	iobj	32	2
32	3	fia	attr	32	4
32	3	fia	obl	31	5
32	6	fieti	subj	32	7
33	4	sentir	subj	0	0
33	6	dispuose	subj	33	2
33	6	dispuose	obj	33	5
33	6	dispuose	xcomp	33	4
33	6	dispuose	obl	33	1
34	3	fummo	subj	0	0
34	3	fummo	attr	34	2
34	3	fummo	obl:a	34	6
35	4	disse	subj	0	0
35	4	disse	ccomp	35	5
35	4	disse	obl:con	35	3
35	5	Intrate	subj	0	0
35	5	Intrate	obl:a	36	3
36	9	eretto	subj	36	3
36	9	eretto	obl	36	8
37	2	montavam	subj	37	1
38	0			0	0
39	4	Godi	subj	39	5
39	7	vinci	subj	39	6
40	0			0	0
41	2	andavamo	subj	40	3
41	2	andavamo	subj	40	5
41	2	andavamo	obl	41	1
41	5	pensai	subj	41	4
41	5	pensai	ccomp	42	2
41	5	pensai	obl	41	6
41	6	andando	subj	0	0
42	2	acquistar	subj	0	0
42	2	acquistar	obl:in	42	5
43	2	dirizza'	subj	0	0
43	2	dirizza'	obj	43	3
43	2	dirizza'	obl:a	43	5
43	2	dirizza'	obl	43	7
43	7	dimandando	subj	0	0
43	7	dimandando	ccomp	44	2
44	2	volse	subj	44	5
44	2	volse	xcomp	44	3
44	3	dir	subj	0	0
44	3	dir	obj	44	1
44	3	dir	obl	45	5
45	5	menzionando	subj	0	0
45	5	menzionando	obj	45	2
45	5	menzionando	obj	45	4
46	0			0	0
47	1	conosce	subj	46	3
47	1	conosce	obj	47	3
47	1	conosce	obl:di	46	9
47	8	ammiri	subj	46	3
47	8	ammiri	obj	47	7
47	8	ammiri	xcomp	48	3
47	8	ammiri	obl	47	5
48	3	riprende	subj	46	3
48	3	riprende	obl	48	2
48	3	riprende	obl	48	7
48	7	piagna	subj	46	3
48	7	piagna	obj	48	6
48	7	piagna	obl	48	5
49	3	appuntano	subj	49	6
49	3	appuntano	obj	49	2
49	3	appuntano	obl	50	6
50	6	scema	subj	50	4
50	6	scema	obj	50	5
50	6	scema	obl	50	1
50	6	scema	obl:per	50	3
51	2	move	subj	51	1
51	2	move	obj	51	4
51	2	move	obl:a	51	6
52	0			0	0
53	1	torcesse	subj	52	4
53	1	torcesse	obj	53	5
53	1	torcesse	obl:in	53	3
54	3	sarebbe	subj	54	7
54	3	sarebbe	iobj	54	2
54	3	sarebbe	obl:a	54	5
55	5	dice	subj	0	0
55	5	dice	obj	55	8
55	5	dice	obl:per	55	3
55	5	dice	obl	55	6
55	5	dice	obl	55	7
56	2	possiede	subj	56	6
56	2	possiede	obj	56	5
56	2	possiede	obl	56	1
57	5	arde	subj	56	6
57	5	arde	obl	57	2
57	5	arde	obl:di	57	4
57	5	arde	obl:in	57	8
58	2	son	subj	58	1
58	2	son	xcomp	58	4
58	4	esser	subj	0	0
58	4	esser	attr	58	5
58	4	esser	attr	58	7
59	1	diss'	subj	59	2
59	1	diss'	ccomp	58	2
59	1	diss'	ccomp	60	8
59	8	taciuto	subj	0	0
59	8	taciuto	iobj	59	5
60	8	aduno	subj	0	0
60	8	aduno	obj	60	4
60	8	aduno	obl	59	8
60	8	aduno	obl:in	60	7
61	2	esser	subj	0	0
61	2	esser	ccomp	62	4
61	3	puote	subj	0	0
61	3	puote	xcomp	61	2
61	7	distributo	subj	61	6
61	7	distributo	obl:in	62	3
62	4	faccia	subj	61	6
62	4	faccia	xcomp	62	6
62	6	ricchi	subj	0	0
62	6	ricchi	obl:di	63	2
63	8	posseduto	subj	61	6
63	8	posseduto	obl:da	63	6
64	2	elli	iobj	64	4
64	2	elli	ccomp	66	5
64	8	rificchi	subj	64	7
64	8	rificchi	obj	65	2
64	8	rificchi	obl:a	65	6
65	0			0	0
66	5	dispicchi	subj	64	7
66	5	dispicchi	obj	66	4
66	5	dispicchi	obl	64	8
66	5	dispicchi	obl:di	66	3
67	0			0	0
68	4	è	subj	68	1
68	4	è	obl	68	2
68	4	è	obl	68	3
68	6	corre	subj	67	5
68	6	corre	obl	68	5
68	6	corre	obl:ad	68	8
69	6	vene	subj	69	5
69	6	vene	obl:a	69	4
70	3	dà	subj	0	0
70	3	dà	obl	70	1
70	3	dà	obl	70	5
70	5	trova	subj	0	0
70	5	trova	obl:di	70	7
71	6	stende	subj	71	4
72	1	cresce	subj	72	6
72	1	cresce	obl	71	6
72	1	cresce	obl:sopra	72	3
73	8	intende	subj	73	3
74	3	è	subj	0	0
74	3	è	obl	74	2
74	6	amare	subj	0	0
74	6	amare	xcomp	74	3
74	6	amare	obl	74	5
74	11	ama	subj	0	0
74	11	ama	obl	74	9
75	9	rende	subj	75	5
75	9	rende	iobj	75	8
75	9	rende	obl	75	3
76	8	disfama	subj	76	5
76	8	disfama	obj	76	7
77	1	vedrai	subj	0	0
77	1	vedrai	obj	77	2
78	2	torrà	subj	77	4
78	2	torrà	obj	78	7
78	2	torrà	iobj	78	1
79	1	Procaccia	subj	0	0
79	1	Procaccia	ccomp	79	5
79	5	sieno	subj	80	5
79	5	sieno	attr	79	6
80	2	son	subj	80	5
81	3	richiudon	subj	81	1
81	3	richiudon	obj	81	2
81	3	richiudon	obl	81	5
81	5	esser	subj	0	0
81	5	esser	attr	81	6
82	3	voleva	subj	82	2
82	3	voleva	xcomp	82	4
82	4	dicer	subj	0	0
82	4	dicer	ccomp	82	7
82	7	appaghe	subj	82	5
82	7	appaghe	obj	82	6
83	1	vidimi	subj	0	0
83	1	vidimi	xcomp	83	2
83	2	giunto	subj	0	0
83	2	giunto	obl:in	83	7
84	3	tacer	subj	0	0
84	5	fer	subj	84	7
84	5	fer	obj	84	4
84	5	fer	xcomp	84	3
85	3	parve	iobj	85	2
85	3	parve	xcomp	86	5
85	3	parve	xcomp	87	2
85	3	parve	xcomp	89	4
85	3	parve	obl:in	85	6
86	5	tratto	subj	0	0
87	2	vedere	subj	0	0
87	2	vedere	obj	87	7
87	2	vedere	obl:in	87	5
88	0			0	0
89	4	dicer	subj	88	3
89	4	dicer	ccomp	90	7
90	7	fatto	subj	90	3
90	7	fatto	obl:verso	90	6
91	0			0	0
92	2	cercavamo	subj	91	5
92	2	cercavamo	subj	91	7
92	2	cercavamo	obj	92	1
92	7	tacque	subj	92	6
93	3	pareva	subj	93	2
93	3	pareva	obl	93	4
93	5	dispario	subj	93	1
94	3	apparve	subj	94	5
94	3	apparve	iobj	94	2
94	3	apparve	obl:con	94	8
94	3	apparve	obl:per	95	4
95	8	distilla	subj	95	7
95	8	distilla	obj	95	5
96	7	nacque	subj	96	4
96	7	nacque	obl:in	96	6
97	2	dir	subj	94	5
97	2	dir	ccomp	100	1
97	5	se'	subj	97	4
97	5	se'	attr	97	6
97	5	se'	obl:de	97	9
98	6	fu	subj	98	8
98	6	fu	obl:di	98	3
98	6	fu	obl:in	98	5
99	5	disfavilla	subj	99	4
99	5	disfavilla	obl	99	2
100	1	vendica	subj	0	0
100	1	vendica	obj	100	2
100	1	vendica	obl:di	100	5
101	2	abbracciar	subj	101	1
101	2	abbracciar	obj	101	4
102	5	parea	subj	102	3
102	5	parea	iobj	102	4
102	5	parea	attr	102	6
102	5	parea	attr	102	8
102	5	parea	xcomp	103	1
103	1	risponder	subj	102	3
103	1	risponder	iobj	103	2
103	1	risponder	obl:con	103	4
104	2	farem	subj	104	3
104	2	farem	obj	104	1
104	2	farem	iobj	104	5
104	8	disira	subj	104	5
104	8	disira	obl	104	6
104	8	disira	obl	104	7
105	5	ama	subj	105	3
105	5	ama	obj	105	4
105	6	è	subj	105	2
105	6	è	attr	105	9
105	6	è	obl:per	105	8
106	2	vidi	subj	0	0
106	2	vidi	obj	106	3
106	2	vidi	xcomp	107	5
106	2	vidi	obl:in	106	6
107	5	ancider	subj	106	3
107	5	ancider	obj	107	4
107	5	ancider	obl:con	107	2
108	1	gridando	subj	106	3
108	1	gridando	iobj	108	3
108	5	Martira	subj	0	0
108	6	martira	subj	0	0
109	3	vedea	subj	109	2
109	3	vedea	xcomp	109	4
109	3	vedea	obl:per	109	7
109	4	chinarsi	subj	109	2
110	3	aggravava	subj	110	1
110	3	aggravava	obj	110	2
110	3	aggravava	obl:inver'	110	7
111	5	facea	subj	0	0
111	5	facea	obj	111	9
111	5	facea	obl:de	111	4
111	5	facea	obl:al	111	8
112	1	orando	subj	0	0
112	1	orando	obl:a	112	5
112	1	orando	obl:in	112	8
113	2	perdonasse	subj	0	0
113	2	perdonasse	obl:a	113	5
114	6	diserra	subj	114	4
114	6	diserra	obj	114	5
115	5	tornò	subj	115	3
115	5	tornò	obl:a	116	3
116	0			0	0
117	2	riconobbi	subj	117	1
117	2	riconobbi	obj	117	7
118	6	potea	subj	118	4
118	6	potea	xcomp	118	7
118	7	vedere	subj	0	0
118	7	vedere	obj	118	5
118	7	vedere	xcomp	119	1
119	1	far	subj	0	0
119	1	far	obl	119	9
119	9	slega	subj	119	5
119	9	slega	obj	119	8
119	9	slega	obl:da	119	7
120	1	disse	subj	118	2
120	1	disse	ccomp	120	3
120	3	hai	subj	0	0
120	3	hai	obj	120	2
120	3	hai	obl	120	7
120	7	puoi	subj	0	0
120	7	puoi	xcomp	120	8
120	8	tenere	subj	0	0
120	8	tenere	obj	120	6
121	2	se'	subj	0	0
121	2	se'	obl	121	7
121	2	se'	obl	122	1
121	2	se'	obl:con	122	7
122	1	velando	subj	0	0
122	1	velando	obj	122	3
123	8	piega	subj	123	5
123	8	piega	obj	123	4
124	8	ascolte	subj	124	6
124	8	ascolte	obj	124	7
125	3	dirò	subj	125	1
125	3	dirò	obj	125	6
125	3	dirò	iobj	125	2
125	3	dirò	obl	124	8
125	4	diss'	subj	125	5
125	4	diss'	ccomp	125	3
125	9	apparve	subj	125	7
125	9	apparve	iobj	125	8
125	9	apparve	obl	126	7
126	7	tolte	subj	126	3
126	7	tolte	iobj	126	4
127	5	avessi	subj	127	4
127	5	avessi	obj	127	7
127	5	avessi	obl:sovra	128	3
128	6	sarian	subj	129	3
128	6	sarian	iobj	128	5
128	6	sarian	attr	128	7
129	5	parve	subj	0	0
130	3	vedesti	subj	0	0
130	3	vedesti	obj	130	2
130	4	fu	subj	130	1
130	4	fu	ccomp	130	7
130	7	scuse	subj	0	0
130	7	scuse	xcomp	131	2
131	2	aprir	subj	0	0
131	2	aprir	obj	131	4
131	2	aprir	obl:a	131	7
132	7	diffuse	subj	132	1
132	7	diffuse	obl:da	132	5
133	2	dimandai	subj	0	0
133	2	dimandai	ccomp	133	4
133	2	dimandai	obl:per	133	6
133	4	hai	subj	0	0
133	4	hai	obj	133	3
133	8	face	subj	134	1
133	8	face	obj	133	7
134	2	guarda	subj	134	1
134	2	guarda	obl:con	134	6
134	9	vede	subj	134	7
135	5	giace	subj	135	4
136	2	dimandai	subj	0	0
136	2	dimandai	ccomp	137	3
136	2	dimandai	obl	136	4
136	4	darti	subj	0	0
136	4	darti	obj	136	5
136	4	darti	obl:a	136	7
137	2	frugar	subj	0	0
137	2	frugar	obj	137	5
137	2	frugar	xcomp	138	2
137	3	conviensi	subj	0	0
137	3	conviensi	xcomp	137	2
138	2	usar	subj	0	0
138	2	usar	obj	138	4
138	6	riede	subj	0	0
139	2	andavam	subj	139	1
139	2	andavam	obl:per	139	5
140	6	allungarsi	subj	140	5
141	0			0	0
142	9	farsi	subj	142	8
142	9	farsi	attr	143	7
142	9	farsi	obl:verso	143	3
142	9	farsi	obl	143	6
143	0			0	0
144	4	era	subj	144	5
144	4	era	obl:da	144	3
144	7	cansarsi	subj	0	0
145	3	tolse	subj	145	1
145	3	tolse	obj	145	5
